#Table S2: 1H NMR chemical shift assignment [δ, ppm] of 2 in 20% DMSO-d6 in CD2Cl2.
Residue,Hα,Hα1,Hα2,Hβ,Hβ1,Hβ2,Hγ,Hγ1,Hγ2,Hδ,Hδ1,Hδ2,Hε,Hζ,NH
ACE1,1.93,,,,,,,,,,,,,,
L2,4.38,,,,1.52,,1.66,0.87,0.90,,,,,,7.89
T3,4.28,,,4.02,,,1.00,,,,,,,,7.78
F(I)4,4.82,,,,2.85,3.13,,,,,7.61,7.21,6.99,7.51,7.93
E5,4.55,,,,1.96,2.16,,2.29,,,,,,,8.31
P6,4.32,,,,2.07,1.91,,1.86,2.03,,3.71,3.61,,,
G7,,3.76,3.83,,,,,,,,,,,,8.09
K8,4.36,,,,1.78,1.87,,1.45,,,,1.66,2.88,,7.71
hS9,4.47,,,,1.99,1.83,,3.35,,,,,3.21,,8.05
S10,4.43,,,,3.59,3.73,,,,,,,,,7.87
I11,4.27,,,1.84,,,0.90,1.48,1.14,0.85,,,,,7.54
NHE12,,,,,,,,,,,,,,,6.40
