# Table S1. 1H NMR chemical shift assignment (δ, ppm) for peptide 1 in DMSO‐d6.
Residue,Hα,Hα1,Hα2,Hβ,Hβ1,Hβ2,Hγ,Hγ1,Hγ2,Hδ1,Hδ2,Hε1,Hε2,HN
G1,3.84,3.24,,,,,,,,,3.49,,,7.98
Q2,4.51,,,1.86,1.72,,2.07,2.02,,,,7.06,6.73,7.57
S(Me)3,4.74,,,3.56,3.48,,,,,,,,,8.72
V4,4.28,,1.91,,,,0.82,0.77,,,,,,8.55
P5,4.28,,,2.05,1.82,,2.06,1.86,3.55,,,,,8.54
G6,3.84,3.41,,,,,,,,,,,,7.65
A7,4.62,,,1.29,1.15,,,,,,,,,8.34
S8/X8,4.84,,,3.56,3.31,,,,,,,,,8.53
V9,4.18,,1.87,,,,0.82,0.78,,,,,,8.53
N10,4.07,,,2.91,2.45,,,,7.38,,6.82,,,9.22
