#"Table S4. 1 H NMR chemical shift assignment (δ, ppm) for 4b at 25 °C in DMSO-d 6 .",,,,,,,,,,,,,,
Residue,Hα,Hα1,Hα2,Hβ,Hβ1,Hβ2,Hγ,Hγ1,Hγ2,Hδ1,Hδ2,Hε1,Hε2,HN
G1,,3.80,3.32,,,,,,,,,,,8.90
Q2,4.32,,,,1.77,1.71,1.95,,,,,7.17,6.71,8.14
X3,4.65,,,,1.63,1.48,0.80,,,,,,,8.38
A4,4.61,,,1.26,,,,,,,,,,7.74
G5,,3.78,3.45,,,,,,,,,,,8.47
P6,4.27,,,2.06,,,1.86,,,3.62,3.56,,,
V7,4.38,,,1.90,,,,0.82,0.78,,,,,8.40
hS8,4.73,,,,1.93,1.65,3.26,,,,,,,8.49
A9,4.52,,,,1.29,1.15,,,,,,,,7.73
N10,4.54,,,,2.63,2.43,,,,7.30,6.85,,,8.38


