Residue A,Residue B,Distance rAB (Å)
F(I)4α,HS10α,2.62
K8NH,G7α1,2.83
E5NH,F(I)4α,2.24
F(I)4NH,T3α,2.38
F(I)4NH,F(I)4α,2.62
HS10NH,K8α2.21
K8NH,G7α2,2.53
E5NH,E5α,2.65
Nle9NH,Nle9α,2.68
E5NH,Nle9α,3.10
G7NH,E5α,3.74
L2NH,I11α,4.67
S10NH,S10α,2.54
K8NH,P6α,3.62
T3NH,L2α,2.22
K8NH,K8α,2.85
E5NH,F(I)4NH,2.70
G7NH,K8NH,2.55
T3NH,L2NH,2.86
Nle9NH,K8NH,3.22
E5NH,K8NH,3.34
E5α,P6δ2,2.23
E5α,P6δ1,2.32
E5α,P6α,3.62
G7NH,P6α,2.31
G7NH,P6β,3.23
T3α,T3β,2.70
E5NH,K8β1,3.49
E5NH,F(I)4β1,3.20
F(I)4NH,T3β,2.84
K8NH,K8β2,2.93
F(I)4NH,F(I)4β1,3.06
T3NH,L2β,3.26
K8NH,K8β,2.95
T3NH,T3β,3.03
F(I)4NH,T3γ,3.80





